icd9_code,description,lookup_status
428,"Congestive heart failure, unspecified",MATCHED
414,"Coronary atherosclerosis of unspecified type of vessel, native or graft",MATCHED
786,"Respiratory abnormality, unspecified",MATCHED
410,"Acute myocardial infarction of anterolateral wall, episode of care unspecified",MATCHED
486,"Pneumonia, organism unspecified",MATCHED
427,Paroxysmal supraventricular tachycardia,MATCHED
491,Simple chronic bronchitis,MATCHED
715,"Osteoarthrosis, generalized, site unspecified",MATCHED
682,Cellulitis and abscess of face,MATCHED
434,Cerebral thrombosis without mention of cerebral infarction,MATCHED
780,Coma,MATCHED
996,"Mechanical complication of unspecified cardiac device, implant, and graft",MATCHED
276,Hyperosmolality and/or hypernatremia,MATCHED
38,"Perichondritis of pinna, unspecified",MATCHED
250.8,"Diabetes with other specified manifestations, type II or unspecified type, not stated as uncontrolled",MATCHED
599,"Urinary tract infection, site not specified",MATCHED
584,Acute kidney failure with lesion of tubular necrosis,MATCHED
V57,Care involving breathing exercises,MATCHED
250.6,"Diabetes with neurological manifestations, type II or unspecified type, not stated as uncontrolled",MATCHED
518,Pulmonary collapse,MATCHED
820,"Closed fracture of intracapsular section of neck of femur, unspecified",MATCHED
577,Acute pancreatitis,MATCHED
493,"Extrinsic asthma, unspecified",MATCHED
435,Basilar artery syndrome,MATCHED
562,Diverticulosis of small intestine (without mention of hemorrhage),MATCHED
574,"Calculus of gallbladder with acute cholecystitis, without mention of obstruction",MATCHED
296,"Bipolar I disorder, single manic episode, unspecified",MATCHED
560,Intussusception,MATCHED
250.7,"Diabetes with peripheral circulatory disorders, type II or unspecified type, not stated as uncontrolled",MATCHED
250.13,"Diabetes with ketoacidosis, type I [juvenile type], uncontrolled",MATCHED
440,Atherosclerosis of aorta,MATCHED
433,Occlusion and stenosis of basilar artery without mention of cerebral infarction,MATCHED
998,"Postoperative shock, unspecified",MATCHED
722,Displacement of cervical intervertebral disc without myelopathy,MATCHED
250.02,"Diabetes mellitus without mention of complication, type II or unspecified type, uncontrolled",MATCHED
578,Hematemesis,MATCHED
250.11,"Diabetes with ketoacidosis, type I [juvenile type], not stated as uncontrolled",MATCHED
507,Pneumonitis due to inhalation of food or vomitus,MATCHED
789,"Abdominal pain, unspecified site",MATCHED
453,Budd-chiari syndrome,MATCHED
530,Achalasia and cardiospasm,MATCHED
8,"Closed fracture of vault of skull without mention of intracranial injury, unspecified state of consciousness",MATCHED
403,"Hypertensive chronic kidney disease, malignant, with chronic kidney disease stage I through stage IV, or unspecified",MATCHED
535,"Acute gastritis, without mention of hemorrhage",MATCHED
402,Malignant hypertensive heart disease without heart failure,MATCHED
415,Acute cor pulmonale,MATCHED
295,"Simple type schizophrenia, unspecified",MATCHED
724,"Spinal stenosis, unspecified region",MATCHED
458,Orthostatic hypotension,MATCHED
162,Malignant neoplasm of trachea,MATCHED
997,"Nervous system complication, unspecified",MATCHED
250.12,"Diabetes with ketoacidosis, type II or unspecified type, uncontrolled",MATCHED
250.82,"Diabetes with other specified manifestations, type II or unspecified type, uncontrolled",MATCHED
278,"Obesity, unspecified",MATCHED
733,"Osteoporosis, unspecified",MATCHED
285,Sideroblastic anemia,MATCHED
592,Calculus of kidney,MATCHED
401,Malignant essential hypertension,MATCHED
482,Pneumonia due to Klebsiella pneumoniae,MATCHED
590,Chronic pyelonephritis without lesion of renal medullary necrosis,MATCHED
