admission_type_id,admission_type_name
1,Emergency
2,Urgent
3,Elective
4,Newborn
5,Not Available
6,NULL
7,Trauma Center
8,Not Mapped

discharge_disposition_id,discharge_disposition_name
1,Discharged to home
2,Discharged/transferred to another short term general hospital
3,Discharged/transferred to SNF
4,Discharged/transferred to ICF
5,Discharged/transferred to another inpatient care institution
6,Discharged/transferred to home with home health service
7,Left AMA
8,Discharged/transferred to home under care of Home IV provider
9,Admitted as an inpatient to this hospital
10,Neonatal ICU
11,Expired
12,Still patient or expected to return
13,Hospice / home
14,Hospice / medical facility
15,Discharged/transferred to swing bed
16,Discharged/transferred to outpatient services
17,Discharged/transferred to this institution outpatient
18,NULL
19,Expired at home
20,Expired in a medical facility
21,Expired, place unknown
22,Discharged/transferred to rehab facility
23,Discharged/transferred to long term care hospital
24,Discharged/transferred to nursing facility (Medicaid)
25,Not Mapped
26,Unknown/Invalid
27,Discharged/transferred to federal healthcare facility
28,Discharged/transferred to psychiatric hospital
29,Discharged/transferred to Critical Access Hospital (CAH)
30,Discharged/transferred to other healthcare facility

admission_source_id,admission_source_name
1,Physician Referral
2,Clinic Referral
3,HMO Referral
4,Transfer from a hospital
5,Transfer from a Skilled Nursing Facility (SNF)
6,Transfer from another health care facility
7,Emergency Room
8,Court/Law Enforcement
9,Not Available
10,Transfer from critical access hospital
11,Normal Delivery
12,Premature Delivery
13,Sick Baby
14,Extramural Birth
15,Not Available
17,NULL
18,Transfer from Another Home Health Agency
19,Readmission to Same Home Health Agency
20,Not Mapped
21,Unknown/Invalid
22,Transfer from hospital inpatient
23,Born inside this hospital
24,Born outside this hospital
25,Transfer from Ambulatory Surgery Center
26,Transfer from Hospice
